City ID,City,Country,Lat,Lng,Max Temp,Humidity,Cloudiness,Wind Speed,Current Description
0,Busselton,AU,-33.65,115.3333,85.08,40,72,21.09,broken clouds
1,Shingu,JP,33.7333,135.9833,47.7,72,2,3.74,clear sky
2,Atuona,PF,-9.8,-139.0333,78.62,72,6,17.02,clear sky
3,Punta Arenas,CL,-53.15,-70.9167,46.11,65,38,12.35,scattered clouds
4,Stromness,GB,58.965,-3.296,42.76,56,86,23.44,overcast clouds
5,Chokurdakh,RU,70.6333,147.9167,-41.84,100,59,3.76,broken clouds
6,Inhambane,MZ,-23.865,35.3833,87.1,58,0,12.93,clear sky
7,Glendive,US,47.1053,-104.7125,31.62,85,90,25.32,overcast clouds
8,Bluff,NZ,-46.6,168.3333,50.81,66,100,14.45,overcast clouds
9,Saskylakh,RU,71.9167,114.0833,-16.92,96,100,13.31,overcast clouds
10,Nizwa,OM,22.9333,57.5333,76.37,39,2,6.51,clear sky
11,Ushuaia,AR,-54.8,-68.3,39.54,91,99,3.91,light rain
12,Pevek,RU,69.7008,170.3133,-22.54,99,93,2.62,overcast clouds
13,Luderitz,NA,-26.6481,15.1594,67.33,62,0,8.05,clear sky
14,Sulangan,PH,11.1373,123.7228,82.11,68,99,22.39,overcast clouds
15,Sisophon,KH,13.5859,102.9737,79.11,50,99,9.6,overcast clouds
16,Saint-Augustin,CA,51.226,-58.6502,19.31,66,0,12.53,clear sky
17,Krasnogorsk,RU,55.8225,37.3181,28.45,93,75,4.47,shower snow
18,Bowen,AU,-20.0167,148.2333,81.27,68,0,21.99,clear sky
19,Souillac,MU,-20.5167,57.5167,84.36,58,1,13.71,clear sky
20,Barrow,US,71.2906,-156.7887,5.02,72,90,21.85,haze
21,Mar Del Plata,AR,-38.0023,-57.5575,59.88,88,90,7.0,overcast clouds
22,Fernley,US,39.608,-119.2518,52.84,46,6,4.43,clear sky
23,Aykhal,RU,66.0,111.5,-39.1,100,100,5.84,overcast clouds
24,Hermanus,ZA,-34.4187,19.2345,69.91,92,100,13.85,light rain
25,Port Alfred,ZA,-33.5906,26.891,71.1,91,100,24.09,overcast clouds
26,Flinders,AU,-34.5833,150.8552,66.18,65,57,7.52,broken clouds
27,Tripoli,LY,32.8752,13.1875,55.33,53,0,16.89,clear sky
28,Talnakh,RU,69.4865,88.3972,-30.8,98,100,9.6,overcast clouds
29,Poshekhonye,RU,58.4993,39.1353,2.01,90,97,5.19,overcast clouds
30,Paamiut,GL,61.994,-49.6678,29.61,91,100,15.68,light snow
31,Constitucion,CL,-35.3333,-72.4167,58.87,62,0,4.97,clear sky
32,Avarua,CK,-21.2078,-159.775,78.85,89,20,4.61,few clouds
33,Shelburne,CA,44.0787,-80.2041,28.76,84,100,7.02,overcast clouds
34,Arraial Do Cabo,BR,-22.9661,-42.0278,71.96,83,10,11.86,clear sky
35,Mae Ramat,TH,16.984,98.5166,82.85,41,9,7.61,clear sky
36,Mao,ES,39.8885,4.2658,54.16,58,20,18.41,few clouds
37,Puerto Ayora,EC,-0.7393,-90.3518,67.59,94,34,5.93,scattered clouds
38,Albany,US,42.6001,-73.9662,34.81,79,88,5.91,overcast clouds
39,Atambua,ID,-9.1061,124.8925,77.14,85,100,3.2,overcast clouds
40,Yulara,AU,-25.2406,130.9889,86.43,26,100,10.8,overcast clouds
41,Hobart,AU,-42.8794,147.3294,64.27,59,20,1.99,few clouds
42,Najran,SA,17.4924,44.1277,70.65,18,0,4.9,clear sky
43,Mataura,NZ,-46.1927,168.8643,50.49,98,100,2.15,light rain
44,Byron Bay,AU,-28.65,153.6167,75.15,86,78,12.66,light rain
45,Hilo,US,19.7297,-155.09,70.25,93,90,3.44,overcast clouds
46,Varkkallai,IN,8.7341,76.7067,87.58,67,10,8.84,clear sky
47,Urumqi,CN,43.801,87.6005,23.95,59,91,6.71,smoke
48,Uyar,RU,55.81,94.3153,26.87,74,100,12.64,overcast clouds
49,Komsomolskiy,UZ,40.4272,71.7189,48.92,57,100,4.61,haze
50,Butaritari,KI,3.0707,172.7902,82.98,80,100,17.22,light rain
51,Navalcarnero,ES,40.2891,-4.012,44.92,86,4,9.4,clear sky
52,Noumea,NC,-22.2763,166.4572,82.0,99,24,12.24,few clouds
53,Key Largo,US,25.0865,-80.4473,73.99,67,86,4.81,overcast clouds
54,Torbay,CA,47.6666,-52.7314,29.75,68,20,16.93,few clouds
55,Castro,BR,-24.7911,-50.0119,58.57,94,93,5.57,overcast clouds
56,The Valley,AI,18.217,-63.0578,79.11,76,3,19.57,clear sky
57,Ponta Do Sol,PT,32.6667,-17.1,65.03,69,100,7.78,overcast clouds
58,Jamestown,US,42.097,-79.2353,35.19,84,90,1.01,overcast clouds
59,Dubno,UA,50.4169,25.7343,28.89,74,100,6.02,overcast clouds
60,Diego De Almagro,CL,-26.3667,-70.05,61.39,28,3,0.89,clear sky
61,Hauterive,FR,46.0901,3.4459,39.96,88,100,6.26,overcast clouds
62,Clyde River,CA,70.4692,-68.5914,7.12,87,100,33.87,overcast clouds
63,Bredasdorp,ZA,-34.5322,20.0403,63.28,92,100,12.68,light rain
64,Kapaa,US,22.0752,-159.319,64.72,72,75,5.75,broken clouds
65,Vaini,TO,-21.2,-175.2,78.96,83,40,8.05,scattered clouds
66,Yellowknife,CA,62.456,-114.3525,-11.16,96,100,11.18,overcast clouds
67,Erzin,TR,36.9559,36.2,63.12,34,85,6.85,overcast clouds
68,Phalodi,IN,27.1333,72.3667,78.62,25,24,4.09,few clouds
69,Salalah,OM,17.0151,54.0924,86.09,26,0,18.41,clear sky
70,Rikitea,PF,-23.1203,-134.9692,75.63,78,97,9.15,overcast clouds
71,Lorengau,PG,-2.0226,147.2712,83.07,81,100,13.04,moderate rain
72,Fortuna,US,40.5982,-124.1573,49.42,94,90,0.0,overcast clouds
73,Saint-Philippe,RE,-21.3585,55.7679,85.59,70,1,12.97,clear sky
74,Koyelga,RU,54.6522,60.9049,34.34,85,100,14.56,overcast clouds
75,Norman Wells,CA,65.282,-126.8329,-24.72,88,3,2.44,clear sky
76,Vestmanna,FO,62.1564,-7.1664,34.72,69,20,6.91,few clouds
77,Iqaluit,CA,63.7506,-68.5145,6.53,71,90,27.0,light snow
78,Hithadhoo,MV,-0.6,73.0833,80.47,83,100,17.22,light rain
79,Pinawa,CA,50.1489,-95.8811,19.83,91,100,5.73,overcast clouds
80,San Patricio,US,28.017,-97.5169,73.89,93,26,7.49,scattered clouds
81,Payo,ID,-3.7508,103.6372,82.8,67,98,3.56,overcast clouds
82,Bhaderwah,IN,32.9784,75.7186,52.18,78,71,4.27,broken clouds
83,Chapais,CA,49.7834,-74.8492,-13.22,100,78,3.89,broken clouds
84,Lompoc,US,34.6391,-120.4579,54.79,88,90,0.0,fog
85,Pangkalanbuun,ID,-2.6833,111.6167,82.35,82,100,5.32,moderate rain
86,Saint Peter,BB,13.25,-59.6167,77.56,74,33,19.89,scattered clouds
87,Ilulissat,GL,69.2167,-51.1,37.42,41,100,24.16,overcast clouds
88,Duliagaon,IN,27.3667,95.3167,82.27,44,2,1.48,clear sky
89,Havre-Saint-Pierre,CA,50.2334,-63.5986,23.47,57,74,10.58,broken clouds
90,Kambja,EE,58.2335,26.696,12.42,84,90,8.05,light snow
91,Mindyak,RU,54.0231,58.7891,30.81,87,100,10.11,overcast clouds
92,Cosala,MX,24.4125,-106.6908,58.12,44,89,3.94,overcast clouds
93,Cidreira,BR,-30.1811,-50.2056,69.62,88,91,13.78,overcast clouds
94,Saumur,FR,47.3333,-0.25,37.89,92,52,13.4,broken clouds
95,Milkovo,RU,54.7167,158.6167,6.24,83,7,6.4,clear sky
96,Sumenep,ID,-7.0167,113.8667,79.56,84,100,12.24,moderate rain
97,Dakar,SN,14.6937,-17.4441,68.88,70,94,14.61,overcast clouds
98,Jackson,US,42.4165,-122.8345,41.04,93,90,3.44,fog
99,East London,ZA,-33.0153,27.9116,68.94,100,90,13.8,light rain
100,Buraydah,SA,26.326,43.975,75.79,21,2,14.47,clear sky
101,Rocha,UY,-34.4833,-54.3333,59.36,97,53,3.65,broken clouds
102,Khatanga,RU,71.9667,102.5,-23.94,96,100,11.88,overcast clouds
103,Comodoro Rivadavia,AR,-45.8667,-67.5,64.26,45,0,17.27,clear sky
104,Airai,TL,-8.9266,125.4092,66.97,87,100,2.15,overcast clouds
105,Kaitangata,NZ,-46.2817,169.8464,50.94,80,100,7.47,light rain
106,Georgetown,MY,5.4112,100.3354,88.9,64,20,11.5,few clouds
107,Chuy,UY,-33.6971,-53.4616,61.18,93,23,3.58,few clouds
108,Adrar,MR,20.5022,-10.0711,59.05,26,100,11.45,overcast clouds
109,Shimoda,JP,34.6667,138.95,53.71,74,100,13.13,overcast clouds
110,Udomlya,RU,57.8794,34.9925,4.8,93,97,6.73,overcast clouds
111,Poissy,FR,48.9333,2.05,40.48,92,75,1.99,broken clouds
112,Longyearbyen,SJ,78.2186,15.6401,19.24,68,75,11.5,light shower snow
113,Bilma,NE,18.6853,12.9164,64.56,19,4,14.83,clear sky
114,Hambantota,LK,6.1241,81.1185,89.94,70,75,3.44,broken clouds
115,Lingdong,CN,46.5669,131.1453,21.47,86,5,7.14,clear sky
116,Kruisfontein,ZA,-34.0033,24.7314,64.29,96,100,6.2,light rain
117,Faanui,PF,-16.4833,-151.75,81.41,62,69,11.86,broken clouds
118,Tetela De Ocampo,MX,19.8167,-97.8,54.75,88,4,4.43,clear sky
119,Medak,IN,18.0333,78.2667,83.3,39,0,6.29,clear sky
120,Surt,LY,31.2089,16.5887,57.22,62,5,16.89,clear sky
121,Tiksi,RU,71.6872,128.8694,-14.8,94,100,0.02,overcast clouds
122,New Norfolk,AU,-42.7826,147.0587,63.91,49,9,1.01,clear sky
123,Norrtalje,SE,59.758,18.705,22.23,85,98,8.39,overcast clouds
124,Bilibino,RU,68.0546,166.4372,-28.57,92,100,4.41,overcast clouds
125,Nikolskoye,RU,59.7035,30.7861,6.03,91,83,6.76,broken clouds
126,Yazman,PK,29.1212,71.7446,78.46,13,0,2.37,clear sky
127,Lavrentiya,RU,65.5833,-171.0,21.25,95,100,38.25,snow
128,Qaanaaq,GL,77.484,-69.3632,9.36,68,93,7.38,overcast clouds
129,Atasu,KZ,48.6814,71.6433,30.25,70,97,2.44,overcast clouds
130,Lata,PT,40.1629,-8.3327,51.93,83,99,6.91,overcast clouds
131,Acapulco,MX,16.8634,-99.8901,76.82,88,1,3.44,clear sky
132,Sampit,ID,-2.5333,112.95,84.11,69,100,3.98,overcast clouds
133,Chernihiv,UA,51.0,32.0,30.24,82,31,8.34,scattered clouds
134,Abha,SA,18.2164,42.5053,71.85,8,0,8.05,clear sky
135,Carnarvon,AU,-24.8667,113.6333,82.47,65,2,14.97,clear sky
136,Hwange,ZW,-18.3693,26.5019,89.82,26,94,6.58,overcast clouds
137,Bethel,US,41.3712,-73.414,41.09,54,1,3.0,clear sky
138,Chute-Aux-Outardes,CA,49.1168,-68.399,9.66,83,93,5.39,overcast clouds
139,Ukiah,US,39.1502,-123.2078,53.02,90,1,0.0,clear sky
140,Bengkulu,ID,-3.8004,102.2655,77.74,86,100,9.73,overcast clouds
141,Catamarca,AR,-28.4696,-65.7852,72.5,95,99,1.99,overcast clouds
142,Norfolk,US,42.1668,-71.2495,39.04,76,1,0.0,clear sky
143,Upernavik,GL,72.7868,-56.1549,22.77,80,100,9.15,overcast clouds
144,Lagoa,PT,39.05,-27.9833,62.91,76,59,13.24,broken clouds
145,Cusuna,HN,15.85,-85.2333,72.19,93,92,4.52,overcast clouds
146,Leshukonskoye,RU,64.8989,45.7622,6.75,99,99,4.41,overcast clouds
147,Kodiak,US,57.79,-152.4072,24.31,86,90,0.0,overcast clouds
148,Narsaq,GL,60.9167,-46.05,32.22,97,100,14.32,snow
149,Nome,US,64.5011,-165.4064,17.67,79,90,27.63,mist
150,Hasaki,JP,35.7333,140.8333,46.8,56,100,9.28,overcast clouds
151,Cape Town,ZA,-33.9258,18.4232,70.12,80,92,3.0,overcast clouds
152,Ajaccio,FR,42.0,8.9167,50.05,62,0,5.75,clear sky
153,Codrington,AU,-38.2667,141.9667,57.83,56,0,14.52,clear sky
154,Aklavik,CA,68.2191,-135.0107,-24.43,84,7,6.64,clear sky
155,Siguiri,GN,11.6667,-9.5,74.59,24,90,3.2,overcast clouds
156,Nanortalik,GL,60.1432,-45.2371,30.81,82,100,19.44,snow
157,Ust-Kuyga,RU,70.0167,135.6,-22.22,97,100,4.72,overcast clouds
158,Nadym,RU,65.5333,72.5167,-28.25,100,87,2.59,overcast clouds
159,Goderich,CA,43.7501,-81.7165,35.91,57,100,15.88,overcast clouds
160,Dryden,CA,49.7833,-92.7503,12.65,96,100,3.98,overcast clouds
161,Middlebury,US,44.0153,-73.1673,31.57,85,75,0.0,broken clouds
162,Pimenta Bueno,BR,-11.6725,-61.1936,72.63,98,100,1.88,overcast clouds
163,Altus,US,34.6381,-99.334,44.11,90,1,4.61,mist
164,Foix,FR,42.8333,1.5833,36.01,67,100,4.7,light snow
165,Trelew,AR,-43.249,-65.3051,67.44,35,0,6.87,clear sky
166,Portland,US,45.5234,-122.6762,46.36,91,90,1.99,overcast clouds
167,Port Elizabeth,ZA,-33.918,25.5701,68.61,93,100,14.63,light rain
168,Taoudenni,ML,22.6783,-3.9836,54.45,28,50,12.15,scattered clouds
169,Chicama,PE,-7.8447,-79.1469,66.78,83,98,6.04,overcast clouds
170,Karratha,AU,-20.7377,116.8463,99.82,29,6,28.12,clear sky
171,Avera,US,33.194,-82.5271,53.47,93,2,2.19,clear sky
172,Srednekolymsk,RU,67.45,153.6833,-47.18,100,65,3.29,broken clouds
173,Krasnoselkup,RU,65.7,82.4667,-36.71,100,33,2.84,scattered clouds
174,Winnemucca,US,40.973,-117.7357,44.11,44,3,7.36,clear sky
175,Seredka,RU,58.1584,28.1858,8.35,90,49,6.35,scattered clouds
176,Ulladulla,AU,-35.35,150.4667,62.87,60,76,5.97,broken clouds
177,Kurchum,KZ,48.5722,83.6542,20.62,84,98,1.39,overcast clouds
178,Kavaratti,IN,10.5669,72.642,81.03,77,4,12.48,clear sky
179,Qui Nhon,VN,13.7667,109.2333,73.6,81,97,19.93,overcast clouds
180,Padilla,CO,3.2204,-76.3139,69.37,91,86,3.22,overcast clouds
181,Namatanai,PG,-3.6667,152.4333,78.58,90,100,9.64,moderate rain
182,Esperance,AU,-33.8667,121.9,69.08,64,18,18.41,few clouds
183,Mount Isa,AU,-20.7333,139.5,98.37,19,40,4.61,scattered clouds
184,Thompson,CA,55.7435,-97.8558,-13.34,98,24,5.44,few clouds
185,Victoria,HK,22.2855,114.1577,73.96,45,93,1.01,overcast clouds
186,Siukh,RU,42.5999,46.5446,39.56,48,30,5.21,scattered clouds
187,Half Moon Bay,US,37.4636,-122.4286,54.34,91,90,1.01,overcast clouds
188,Mariental,NA,-24.6333,17.9667,67.91,28,0,5.61,clear sky
189,Consuegra,ES,39.4625,-3.608,43.03,89,54,7.61,broken clouds
190,Vostok,RU,46.4856,135.8833,8.56,93,8,5.75,clear sky
191,Belaya Gora,RU,68.5333,146.4167,-46.64,100,78,1.43,broken clouds
192,Pontianak,ID,-0.0333,109.3333,85.98,74,75,11.5,broken clouds
193,Provideniya,RU,64.3833,-173.3,29.01,97,100,44.43,snow
194,Parys,FR,48.8534,2.3488,40.1,92,75,4.0,light rain
195,Odweyne,SO,9.4092,45.064,77.86,26,1,14.05,clear sky
196,Sept-Iles,CA,50.2001,-66.3821,16.95,67,99,5.53,overcast clouds
197,Sao Joao Da Barra,BR,-21.6403,-41.0511,70.05,87,2,3.8,clear sky
198,Aranos,NA,-24.1333,19.1167,69.22,24,0,2.26,clear sky
199,Porto Seguro,BR,-16.4497,-39.0647,73.92,94,75,5.75,broken clouds
200,Sao Tome,ST,0.3365,6.7273,81.25,78,100,6.42,light rain
201,Semme,FR,46.1963,1.5007,37.81,95,98,7.29,overcast clouds
202,Tuktoyaktuk,CA,69.4541,-133.0374,-19.8,87,10,6.85,clear sky
203,At-Bashi,KG,41.1702,75.8106,31.48,56,99,0.67,overcast clouds
204,Brae,GB,60.3964,-1.353,37.31,64,93,21.9,overcast clouds
205,Dauriya,RU,49.9333,116.8667,22.87,76,10,15.19,clear sky
206,Cherskiy,RU,68.75,161.3,-40.76,100,96,4.65,overcast clouds
207,Padang,ID,-0.9492,100.3543,84.25,87,100,1.68,light rain
208,Tasiilaq,GL,65.6145,-37.6368,30.36,90,100,59.3,snow
209,Ribeira Grande,PT,38.5167,-28.7,64.8,63,75,10.36,broken clouds
210,Los Llanos De Aridane,ES,28.6585,-17.9182,61.12,67,40,11.01,scattered clouds
211,Kasempa,ZM,-13.4584,25.8338,89.44,28,1,1.61,clear sky
212,Ixtapa,MX,20.7,-105.2,74.23,89,49,3.0,scattered clouds
213,Gulf Gate Estates,US,27.2517,-82.5147,64.38,90,20,4.61,few clouds
214,Maroua,CM,10.591,14.3159,82.44,19,96,11.39,overcast clouds
215,Dikson,RU,73.5069,80.5464,1.69,95,100,23.26,snow
216,Saint George,US,37.1041,-113.5841,50.54,42,1,0.0,clear sky
217,Sovetskiy,RU,61.3614,63.5842,0.55,93,100,7.11,overcast clouds
218,Hoquiam,US,46.9809,-123.8893,40.51,95,1,0.0,clear sky
219,Mareeba,AU,-17.0,145.4333,84.43,45,3,6.69,clear sky
220,Mahajanga,MG,-15.7167,46.3167,90.66,44,31,4.56,scattered clouds
221,Magna,US,40.7091,-112.1016,49.37,66,1,5.01,clear sky
222,Wilmington,US,34.2257,-77.9447,57.85,90,1,6.91,clear sky
223,Yumen,CN,40.2833,97.2,44.76,27,93,17.76,overcast clouds
224,Sao Jose Da Coroa Grande,BR,-8.8978,-35.1478,77.54,84,71,9.19,broken clouds
225,Naze,JP,28.3667,129.4833,61.27,68,100,15.05,overcast clouds
226,Negombo,LK,7.2083,79.8358,87.85,66,20,6.91,few clouds
227,Selty,RU,57.3132,52.1345,20.19,89,99,8.21,light snow
228,Asau,RO,46.4333,26.4,37.96,69,100,2.17,overcast clouds
229,Mayo,US,38.8876,-76.5119,44.17,70,1,0.0,clear sky
230,Severo-Kurilsk,RU,50.6789,156.125,28.49,82,85,18.61,light snow
231,Mapastepec,MX,15.4333,-92.9,75.06,74,0,4.41,clear sky
232,Oussouye,SN,12.485,-16.5469,74.59,71,9,1.61,clear sky
233,Tautira,PF,-17.7333,-149.15,77.02,72,65,13.38,broken clouds
234,Marsa Matruh,EG,31.3525,27.2453,65.17,62,88,21.34,overcast clouds
235,Jumla,NP,29.2747,82.1838,58.64,35,1,5.73,clear sky
236,Goure,NE,13.9835,10.2704,76.01,13,11,16.62,few clouds
237,Mudgee,AU,-32.5943,149.5871,63.79,67,75,13.8,broken clouds
238,Broome,US,42.2506,-75.833,33.91,69,1,1.99,clear sky
239,Sao Filipe,CV,14.8961,-24.4956,74.91,75,99,10.51,overcast clouds
240,Saldanha,ZA,-33.0117,17.9442,66.4,69,34,6.89,scattered clouds
241,Bandarbeyla,SO,9.4942,50.8122,81.16,62,41,20.74,light rain
242,Rio Grande,BR,-32.035,-52.0986,68.95,80,17,12.8,few clouds
243,Azul,AR,-36.777,-59.8585,52.3,98,100,5.35,overcast clouds
244,Cururupu,BR,-1.8283,-44.8683,74.62,97,98,3.11,overcast clouds
245,Port Lincoln,AU,-34.7333,135.8667,63.03,66,100,12.19,overcast clouds
246,Hami,CN,42.8,93.45,34.97,41,47,1.45,scattered clouds
247,Beboto,TD,8.2668,16.939,88.86,25,90,6.67,overcast clouds
248,Lebu,CL,-37.6167,-73.65,52.7,82,5,15.43,clear sky
249,Griffith,US,41.5284,-87.4237,39.88,49,90,1.01,overcast clouds
250,Cayenne,GF,4.9333,-52.3333,75.24,93,75,0.0,broken clouds
251,Fairbanks,US,64.8378,-147.7164,-3.08,75,90,0.0,light snow
252,Le Vauclin,MQ,14.5452,-60.8388,80.65,74,40,18.41,scattered clouds
253,Teguise,ES,29.0605,-13.564,57.42,77,40,9.22,scattered clouds
254,Darhan,MN,49.4867,105.9228,17.96,80,32,1.68,scattered clouds
255,Araguacu,BR,-12.9306,-49.8264,71.44,96,80,5.01,broken clouds
256,Grand Gaube,MU,-20.0064,57.6608,85.37,60,2,10.0,clear sky
257,Yaan,NG,7.3833,8.5667,86.05,32,93,2.71,overcast clouds
258,Caravelas,BR,-17.7125,-39.2481,70.84,93,96,2.86,overcast clouds
259,Bakel,SN,14.905,-12.4568,76.08,16,99,10.25,overcast clouds
260,Te Anau,NZ,-45.4167,167.7167,41.9,97,100,0.83,overcast clouds
261,Menongue,AO,-14.6585,17.691,72.21,67,100,4.68,overcast clouds
262,Seleus,RO,46.3833,21.7167,39.0,76,100,5.39,overcast clouds
263,Gat,IL,31.61,34.7642,69.78,40,3,13.31,clear sky
264,Sarakhs,IR,36.5449,61.1577,56.93,44,0,8.61,clear sky
265,Dhidhdhoo,MV,6.8833,73.1,82.38,73,64,6.93,broken clouds
266,Kenai,US,60.5544,-151.2583,11.14,88,90,9.22,light snow
267,Saiki,JP,32.95,131.9,51.26,68,20,8.39,few clouds
268,Nemuro,JP,43.3236,145.575,35.37,46,3,9.13,clear sky
269,Kathu,TH,7.9178,98.3332,85.82,61,50,13.82,scattered clouds
270,Northam,GB,51.0333,-4.2167,45.61,80,53,28.54,broken clouds
271,Praia,CV,14.9215,-23.5087,72.14,83,75,16.11,broken clouds
272,Srem,PL,52.0887,17.0151,33.82,99,100,6.67,light snow
273,Iskateley,RU,67.6803,53.1512,15.42,87,85,8.7,overcast clouds
274,Dingtao,CN,35.0683,115.5625,56.35,33,0,6.71,clear sky
275,Haines Junction,CA,60.7522,-137.5108,-25.38,100,57,1.23,broken clouds
276,Kudahuvadhoo,MV,2.6708,72.8944,82.17,78,97,15.48,overcast clouds
277,Mayskiy,RU,47.6931,40.1025,38.61,96,100,10.27,light rain
278,Agadez,NE,19.75,10.25,61.05,23,69,8.97,broken clouds
279,Sotuta,MX,20.6,-89.0167,63.28,97,1,2.66,clear sky
280,Lillehammer,NO,61.1146,10.4674,15.58,97,100,2.06,overcast clouds
281,Quatre Cocos,MU,-20.2078,57.7625,85.08,67,12,13.04,few clouds
282,Egvekinot,RU,66.3167,-179.1667,-3.26,97,100,20.83,snow
283,Olafsvik,IS,64.8945,-23.7142,37.56,69,100,41.23,overcast clouds
284,Martapura,ID,-3.4167,114.85,86.09,74,40,11.5,light rain
285,Conakry,GN,9.538,-13.6773,76.35,83,6,11.3,clear sky
286,Mizan Teferi,ET,6.9833,35.5833,82.24,37,6,2.39,clear sky
287,Pasrur,PK,32.2641,74.6634,71.44,50,100,5.55,overcast clouds
288,Nenjiang,CN,49.1833,125.2167,11.82,97,99,5.32,overcast clouds
289,Ahuimanu,US,21.4447,-157.8378,73.11,81,75,0.0,light rain
290,Gravdal,NO,68.1214,13.5031,24.37,60,34,7.31,scattered clouds
291,Poso,ID,-1.3959,120.7524,81.57,83,99,2.28,overcast clouds
292,San Miguel,SV,13.4833,-88.1833,71.24,85,1,3.85,clear sky
293,Tuatapere,NZ,-46.1333,167.6833,50.83,84,100,7.16,overcast clouds
294,Hefei,CN,31.8639,117.2808,58.82,32,2,3.15,clear sky
295,Puerto Escondido,MX,15.85,-97.0667,76.89,65,0,4.32,clear sky
296,Anju,KP,39.6178,125.6647,32.95,70,43,3.38,scattered clouds
297,Lamar,US,33.6668,-95.5836,65.86,100,90,4.61,mist
298,Jinchang,CN,38.4953,102.1739,43.02,19,0,6.2,clear sky
299,Gazimurskiy Zavod,RU,51.5461,118.3266,21.06,78,1,11.39,clear sky
300,Hazorasp,UZ,41.3194,61.0742,40.84,65,23,2.86,few clouds
301,Pervomayskiy,RU,53.2485,40.2871,27.12,69,100,6.55,overcast clouds
302,Hay River,CA,60.8156,-115.7999,-16.8,91,46,8.93,scattered clouds
303,Alexandria,EG,31.2156,29.9553,64.94,60,0,20.96,clear sky
304,Freeport,US,40.6576,-73.5832,43.02,65,1,1.01,clear sky
305,Laguna,US,38.421,-121.4238,54.1,95,90,1.01,mist
306,Gazanjyk,TM,39.2446,55.5154,53.01,48,0,13.67,clear sky
307,Dalby,AU,-27.1833,151.2667,73.26,67,87,19.19,overcast clouds
308,Parintins,BR,-2.6283,-56.7358,73.98,95,100,2.28,overcast clouds
309,Burnie,AU,-41.0667,145.9167,58.39,61,30,8.08,scattered clouds
310,Senno,RU,59.5336,33.9167,2.16,89,100,6.38,overcast clouds
311,Nishihara,JP,26.1842,127.7558,69.08,50,40,14.97,scattered clouds
312,Faya,SA,18.3851,42.4509,72.12,25,0,4.05,clear sky
313,Rio Cuarto,AR,-33.1307,-64.3499,61.66,95,74,4.83,broken clouds
314,Sabang,ID,5.8933,95.3214,81.88,73,25,15.86,moderate rain
315,Kankon,IN,15.0167,74.0167,82.18,69,4,10.65,clear sky
316,Anloga,GH,5.7947,0.8973,83.19,74,98,4.03,overcast clouds
317,Bambanglipuro,ID,-7.95,110.2833,80.96,75,100,10.94,overcast clouds
318,Neuquen,AR,-38.9516,-68.0591,57.09,88,0,0.0,clear sky
319,Takoradi,GH,4.8845,-1.7554,82.49,75,27,5.97,scattered clouds
320,Gudur,IN,14.1333,79.85,90.72,51,0,4.56,clear sky
321,Vieux-Habitants,GP,16.0589,-61.7659,74.77,77,67,11.74,broken clouds
322,Leningradskiy,RU,69.3833,178.4167,-7.46,98,100,5.28,overcast clouds
323,Hobyo,SO,5.3505,48.5268,83.26,56,86,19.71,overcast clouds
324,Mahebourg,MU,-20.4081,57.7,85.24,67,16,13.18,few clouds
325,Port-Gentil,GA,-0.7193,8.7815,80.22,83,75,8.14,light rain
326,Misratah,LY,32.3754,15.0925,58.1,49,3,15.14,clear sky
327,Sitka,US,57.0531,-135.33,30.09,86,90,4.61,light snow
328,Touros,BR,-5.1989,-35.4608,79.7,82,46,12.57,scattered clouds
329,San Quintin,MX,30.4833,-115.95,59.92,83,97,10.71,overcast clouds
330,Cap-Aux-Meules,CA,47.3821,-61.8597,28.42,59,98,11.5,overcast clouds
331,Abu Samrah,SY,35.3029,37.1841,58.66,38,100,3.71,overcast clouds
332,Buritizeiro,BR,-17.3511,-44.9622,67.28,95,18,2.91,few clouds
333,Bam,IR,29.106,58.357,62.11,33,0,6.91,clear sky
334,Beringovskiy,RU,63.05,179.3167,30.92,99,100,5.39,light snow
335,Vredendal,ZA,-31.6683,18.5012,65.44,65,88,5.44,light rain
336,Port Hardy,CA,50.6996,-127.4199,41.0,70,100,13.38,overcast clouds
337,Camacha,PT,33.0833,-16.3333,61.56,72,75,9.22,broken clouds
338,Eirunepe,BR,-6.6603,-69.8736,72.68,100,100,1.86,overcast clouds
339,Mount Gambier,AU,-37.8333,140.7667,59.0,55,0,11.92,clear sky
340,Ostrovnoy,RU,68.0531,39.5131,5.16,93,80,9.57,broken clouds
341,Rawson,AR,-43.3002,-65.1023,66.43,39,0,9.73,clear sky
342,Kokopo,PG,-4.352,152.2633,78.46,88,100,9.69,moderate rain
343,Mildura,AU,-34.2,142.15,78.76,19,100,6.91,overcast clouds
344,Namibe,AO,-15.1961,12.1522,74.64,65,75,3.11,broken clouds
345,Dafeng,CN,23.4517,108.5881,71.15,32,63,6.4,broken clouds
346,Alofi,NU,-19.0595,-169.9187,79.3,81,100,3.2,light rain
347,Mazurivka,UA,49.2745,24.2123,29.19,83,100,3.96,overcast clouds
348,Abbeville,FR,50.1,1.8333,42.76,84,99,16.4,light rain
349,North Bend,US,43.4065,-124.2243,51.93,97,90,17.27,mist
350,Pozo Colorado,PY,-23.4923,-58.7972,76.91,55,73,6.78,broken clouds
351,Vardo,NO,70.3705,31.1107,19.81,70,27,32.37,scattered clouds
352,Mancio Lima,BR,-7.6142,-72.8958,71.47,99,100,2.64,overcast clouds
353,San Cristobal,VE,7.7669,-72.225,64.45,81,100,1.86,overcast clouds
354,Port Antonio,JM,18.18,-76.4612,78.71,83,100,3.56,overcast clouds
355,Kloulklubed,PW,7.0419,134.2556,83.86,72,100,2.46,overcast clouds
356,Horsham,GB,51.064,-0.3272,42.03,84,75,18.41,broken clouds
357,Pingtung,TW,22.6714,120.4881,75.36,53,20,11.5,few clouds
358,Mehamn,NO,71.0357,27.8492,19.13,85,71,21.63,broken clouds
359,Smithers,CA,54.7804,-127.1743,15.44,92,48,2.8,scattered clouds
360,Sluknov,CZ,51.0037,14.4526,38.26,90,100,8.46,overcast clouds
361,Izumo,JP,35.3667,132.7667,46.26,72,84,6.91,broken clouds
362,Kamenka,RU,51.3223,42.7678,29.75,58,100,9.08,overcast clouds
363,Vranov,CZ,48.8947,15.8127,38.3,87,97,10.56,overcast clouds
364,Manta,EC,-0.95,-80.7333,73.18,88,90,9.22,overcast clouds
365,Armidale,AU,-30.5167,151.65,55.81,89,99,11.88,overcast clouds
366,Oistins,BB,13.0667,-59.5333,78.89,83,20,27.63,few clouds
367,Tazovskiy,RU,67.4667,78.7,-28.19,100,79,6.67,broken clouds
368,Santarem,BR,-2.4431,-54.7083,73.53,100,40,0.0,scattered clouds
369,Baruun-Urt,MN,46.6806,113.2792,27.97,58,99,6.08,overcast clouds
370,Biloela,AU,-24.4167,150.5,74.44,80,78,8.61,broken clouds
371,Nizhnevartovsk,RU,60.9344,76.5531,5.02,85,90,15.66,snow
372,Kolpashevo,RU,58.3131,82.9089,32.05,90,100,16.06,overcast clouds
373,Vogar,IS,63.9832,-22.3874,39.76,75,90,43.73,overcast clouds
374,Akureyri,IS,65.6835,-18.0878,17.53,86,0,4.61,clear sky
375,Kahului,US,20.8947,-156.47,71.62,68,90,14.97,overcast clouds
376,Tuy Hoa,VN,13.0833,109.3,72.97,86,96,16.4,overcast clouds
377,Ibra,OM,22.6906,58.5334,77.54,35,1,3.65,clear sky
378,Pitimbu,BR,-7.4706,-34.8086,79.39,81,42,12.01,scattered clouds
379,Icod De Los Vinos,ES,28.3724,-16.7119,66.43,66,3,14.92,clear sky
380,Isangel,VU,-19.55,169.2667,77.56,84,100,9.08,overcast clouds
381,Vitry-Le-Francois,FR,48.7333,4.5833,40.06,91,100,10.47,overcast clouds
382,Diban,SY,35.0365,40.5167,61.25,28,100,15.84,overcast clouds
383,Olden,NO,61.8364,6.8064,34.9,82,100,7.54,overcast clouds
384,Miandrivazo,MG,-19.5167,45.4667,97.75,30,0,2.48,clear sky
385,Tadine,NC,-21.55,167.8833,77.16,84,70,14.67,broken clouds
386,Khani,GE,41.9563,42.9566,49.57,37,100,3.44,overcast clouds
387,Forio,IT,40.7342,13.8646,56.26,69,42,20.49,scattered clouds
388,Santa Cruz,BO,-17.8,-63.1667,71.06,100,90,13.8,moderate rain
389,Atar,MR,20.5169,-13.0499,68.74,17,100,8.39,overcast clouds
390,Bambous Virieux,MU,-20.3428,57.7575,85.21,65,40,12.66,scattered clouds
391,Katsuura,JP,35.1333,140.3,53.11,69,98,13.98,overcast clouds
392,Cuenca,EC,-2.8833,-78.9833,54.95,97,100,2.17,overcast clouds
393,Dingle,PH,10.9995,122.6711,78.48,81,80,13.44,broken clouds
394,Salinas,US,36.6777,-121.6555,55.2,87,75,0.0,mist
395,Amnat Charoen,TH,15.9167,104.75,81.32,48,39,18.48,scattered clouds
396,Tacoronte,ES,28.4769,-16.4102,62.2,69,40,8.99,scattered clouds
397,Ilebo,CD,-4.3167,20.5833,77.97,85,95,1.21,overcast clouds
398,Basco,PH,20.4487,121.9702,75.49,59,88,21.23,overcast clouds
399,Korla,CN,41.7597,86.1469,38.98,30,99,1.43,overcast clouds
400,Opuwo,NA,-18.0607,13.84,82.54,21,29,7.14,scattered clouds
401,Sur,OM,22.5667,59.5289,78.49,51,0,5.88,clear sky
402,Markova,UA,48.6758,24.4138,20.79,85,100,2.71,overcast clouds
403,Umm Lajj,SA,25.0213,37.2685,81.75,52,3,16.46,clear sky
404,Cascais,PT,38.6979,-9.4215,56.46,63,40,1.01,scattered clouds
405,Leh,IN,34.1667,77.5833,26.64,51,23,1.28,few clouds
406,Richards Bay,ZA,-28.783,32.0377,78.37,75,100,7.02,overcast clouds
407,Poum,NC,-20.2333,164.0167,81.03,73,40,8.68,scattered clouds
408,Newport,GB,51.5877,-2.9984,44.85,79,45,20.36,scattered clouds
409,Kyzyl-Suu,KG,42.3414,78.0056,37.44,72,100,1.1,overcast clouds
410,Aberdeen,GB,57.1437,-2.0981,41.49,71,90,12.66,overcast clouds
411,Manadhoo,MV,5.7667,73.3833,82.62,74,9,10.69,clear sky
412,Chaman,PK,30.9236,66.4512,55.99,43,0,7.4,clear sky
413,Havoysund,NO,70.9963,24.6622,20.28,88,92,18.37,overcast clouds
414,Dengzhou,CN,37.8086,120.7508,52.16,50,0,8.81,clear sky
415,Kologriv,RU,58.8275,44.3178,2.46,91,35,3.87,scattered clouds
416,Merta,IN,26.65,74.0333,74.93,43,67,11.9,broken clouds
417,Roma,US,43.2128,-75.4557,35.65,90,90,9.22,light snow
418,Porlamar,VE,10.958,-63.8491,77.49,85,59,11.97,broken clouds
419,Matagami,CA,49.7502,-77.6328,-4.56,99,73,4.99,broken clouds
420,Bubaque,GW,11.2833,-15.8333,80.04,70,81,10.07,broken clouds
421,Klaksvik,FO,62.2266,-6.589,36.52,57,97,16.75,overcast clouds
422,Cacequi,BR,-29.8836,-54.825,63.45,92,33,9.33,scattered clouds
423,Nouadhibou,MR,20.931,-17.0347,60.78,72,100,10.36,overcast clouds
424,Sungaipenuh,ID,-2.0833,101.3833,67.53,95,100,1.66,overcast clouds
425,Okha,RU,53.5739,142.9478,4.3,92,37,10.4,scattered clouds
426,Durango,MX,24.8333,-104.8333,56.08,37,100,5.08,overcast clouds
427,Borogontsy,RU,62.6683,131.1683,-11.45,98,100,2.37,light snow
428,Qaqortoq,GL,60.7167,-46.0333,32.5,94,100,13.76,snow
429,Rennes,FR,48.1667,-1.6667,46.72,87,40,12.66,scattered clouds
430,Lasa,IT,46.6166,10.7002,34.68,93,100,5.82,light snow
431,Novyy Urengoy,RU,66.0833,76.6333,-29.69,100,14,2.84,few clouds
432,Siva,EG,29.2041,25.5195,61.27,55,1,16.62,clear sky
433,Henties Bay,NA,-22.116,14.2845,62.85,63,0,6.96,clear sky
434,Washington,US,47.5001,-120.5015,37.96,79,48,4.65,scattered clouds
435,Geraldton,AU,-28.7667,114.6,81.01,54,0,23.02,clear sky
436,Zaysan,KZ,47.4667,84.8667,26.08,86,100,1.66,overcast clouds
437,Aswan,EG,24.0934,32.907,76.82,16,5,9.55,clear sky
438,Wanaka,NZ,-44.7,169.15,49.1,79,100,5.01,overcast clouds
439,Plock,PL,52.5468,19.7064,26.56,69,100,8.19,overcast clouds
440,Hilliard,US,40.0334,-83.1582,33.31,75,1,1.99,clear sky
441,Watsa,CD,3.0372,29.5355,81.54,51,51,5.35,broken clouds
442,Kidal,ML,18.4411,1.4078,75.07,14,45,7.9,scattered clouds
443,Naron,ES,43.5167,-8.1528,52.65,78,83,14.9,broken clouds
444,Anito,PH,12.4497,125.2886,78.13,80,93,13.22,overcast clouds
445,Tokur,RU,53.1333,132.9,0.79,97,100,3.87,overcast clouds
446,Ifo,NG,6.8144,3.1958,82.02,70,60,3.58,broken clouds
447,Nyakahanga,TZ,-1.6033,31.1414,68.36,78,73,4.99,light rain
448,Santa Rosa,PH,14.3122,121.1114,83.1,62,30,15.08,scattered clouds
449,Springdale,US,36.1867,-94.1288,59.79,83,90,5.99,overcast clouds
450,Trairi,BR,-3.2778,-39.2689,78.94,81,100,10.33,overcast clouds
451,Aden,YE,12.7794,45.0367,80.89,60,0,15.95,clear sky
452,Kavieng,PG,-2.5744,150.7967,79.27,89,100,13.73,heavy intensity rain
453,Honiara,SB,-9.4333,159.95,79.75,85,100,1.79,overcast clouds
454,Anchorage,US,61.2181,-149.9003,12.65,86,90,0.0,light snow
455,Ulaangom,MN,49.9811,92.0667,11.01,90,41,1.3,scattered clouds
456,Kwinana,AU,-32.25,115.7667,89.94,56,46,22.79,scattered clouds
457,Vershino-Shakhtaminskiy,RU,51.3012,117.8868,18.36,79,4,11.48,clear sky
458,Champerico,GT,14.3,-91.9167,82.35,74,4,4.09,clear sky
459,Begoro,GH,6.3871,-0.3774,77.77,73,97,1.39,overcast clouds
460,Pandan Niog,PH,6.2282,120.5631,82.83,73,87,16.42,overcast clouds
461,Aksu,CN,41.1231,80.2644,39.22,30,76,1.86,broken clouds
462,Zafra,ES,38.4167,-6.4167,39.43,91,95,8.25,overcast clouds
463,Whitehorse,CA,60.7161,-135.0538,-15.9,75,90,4.0,overcast clouds
464,Hammerfest,NO,70.6634,23.6821,19.85,68,41,10.36,scattered clouds
465,Male,MV,4.1748,73.5089,82.81,73,6,14.29,clear sky
466,Turukhansk,RU,65.8167,87.9833,-39.39,100,27,3.29,scattered clouds
467,Taltal,CL,-25.4,-70.4833,61.72,77,48,1.1,scattered clouds
468,Novobirilyussy,RU,56.9514,90.6661,24.28,93,100,11.48,overcast clouds
469,Hastings,GB,50.8552,0.5729,41.92,86,96,24.23,moderate rain
470,Fort Nelson,CA,58.8053,-122.7002,-22.41,76,1,5.75,clear sky
471,Ocos,GT,14.5094,-92.1933,82.31,75,17,4.21,few clouds
472,Kindersley,CA,51.4668,-109.1682,22.78,86,90,12.66,light snow
473,Saint-Joseph,RE,-21.3667,55.6167,84.58,70,15,9.44,few clouds
474,Locri,IT,38.2414,16.2623,62.38,72,78,2.68,broken clouds
475,Saravan,AM,39.7196,45.6483,25.45,42,3,2.42,clear sky
476,Pavlodar,KZ,52.3,76.95,31.8,93,90,8.95,overcast clouds
477,Buala,SB,-8.145,159.5921,80.87,83,100,6.42,light rain
478,Deputatskiy,RU,69.3,139.9,-26.93,91,100,1.52,overcast clouds
479,Kalmunai,LK,7.4167,81.8167,83.89,73,36,8.05,scattered clouds
480,Shar,KZ,49.5886,81.0453,23.38,88,82,3.74,broken clouds
481,Kristiinankaupunki,FI,62.2743,21.376,7.3,88,6,10.2,clear sky
482,Rodrigues Alves,BR,-7.738,-72.6509,71.78,99,100,1.97,overcast clouds
483,San Juan Del Sur,NI,11.2529,-85.8705,76.53,85,26,20.18,scattered clouds
484,Olga,RU,43.7444,135.2892,28.98,45,0,3.36,clear sky
485,Verkhoyansk,RU,67.5447,133.385,-20.22,98,100,1.21,overcast clouds
486,Zyryanka,RU,65.75,150.85,-45.58,100,52,4.74,broken clouds
487,Sioux Lookout,CA,50.1001,-91.917,8.98,85,75,5.75,broken clouds
488,Kaka,TM,37.3482,59.6143,52.97,52,0,9.28,clear sky
489,Petatlan,MX,17.5167,-101.2667,73.96,74,3,3.49,clear sky
490,Tiznit,MA,29.5833,-9.5,52.92,53,21,0.96,few clouds
491,Sidney,AU,-33.8679,151.2073,65.37,63,75,4.0,broken clouds
492,King City,US,36.2127,-121.126,46.81,79,0,3.47,clear sky
493,Kamaishi,JP,39.2667,141.8833,38.35,65,23,3.24,few clouds
494,Boa Vista,BR,2.8197,-60.6733,76.98,78,0,8.05,clear sky
495,Logan Lake,CA,50.4998,-120.8025,21.2,64,87,11.56,overcast clouds
496,Vila Velha,BR,-20.3297,-40.2925,69.94,94,0,0.0,clear sky
497,Tara,RU,56.8944,74.371,33.55,86,95,13.35,overcast clouds
498,Puerto Maldonado,PE,-12.6,-69.1833,75.0,82,95,2.21,overcast clouds
499,Huittinen,FI,61.1833,22.7,1.42,85,43,7.14,scattered clouds
500,Tottori,JP,35.5,134.2333,46.22,63,93,4.72,overcast clouds
501,Bondo,CD,3.8146,23.6866,84.18,62,100,1.57,overcast clouds
502,Yinchuan,CN,38.4681,106.2731,43.72,14,1,4.99,clear sky
503,Vanimo,PG,-2.6741,141.3028,82.81,81,100,9.06,overcast clouds
504,Port Blair,IN,11.6667,92.75,81.99,69,7,11.88,clear sky
505,Pisco,PE,-13.7,-76.2167,66.25,82,20,2.3,few clouds
506,Wattegama,LK,6.7989,81.4808,89.28,54,43,4.99,scattered clouds
507,Duluth,US,46.7833,-92.1066,29.61,65,90,1.01,light snow
508,Qasigiannguit,GL,68.8193,-51.1922,37.65,40,94,35.12,overcast clouds
509,Andalan,PH,5.9594,121.3903,81.21,71,100,3.11,overcast clouds
510,Adelanto,US,34.5828,-117.4092,56.79,37,0,4.74,clear sky
511,Deming,US,32.2687,-107.7586,54.25,41,1,4.61,clear sky
512,Araouane,ML,18.9048,-3.5265,61.07,21,16,12.46,few clouds
513,Mitsamiouli,KM,-11.3847,43.2844,84.06,72,12,14.07,few clouds
514,Vao,NC,-22.6667,167.4833,77.23,85,100,16.96,overcast clouds
515,Marsh Harbour,BS,26.5412,-77.0636,76.89,65,95,12.15,overcast clouds
516,Edson,CA,53.5835,-116.4356,3.34,72,75,9.22,light snow
517,Taunggyi,MM,20.7833,97.0333,73.08,45,20,0.96,few clouds
518,Bulls,NZ,-40.1667,175.3833,71.1,72,60,5.99,broken clouds
519,Atherton,GB,53.5237,-2.4935,42.71,78,100,11.01,overcast clouds
520,Neverkino,RU,52.7854,46.7417,29.52,64,100,3.56,overcast clouds
521,Capitao Poco,BR,-1.7464,-47.0594,73.17,98,100,4.0,overcast clouds
522,Worksop,GB,53.3018,-1.124,43.21,83,82,1.99,broken clouds
523,Pasighat,IN,28.0667,95.3333,79.79,39,7,3.58,clear sky
524,Barguzin,RU,53.6167,109.6167,21.58,77,88,11.39,light snow
525,Safford,US,32.834,-109.7076,45.52,53,1,3.44,clear sky
526,Omboue,GA,-1.5746,9.2618,82.8,76,66,8.28,light rain
527,Bagotville,AU,-28.9833,153.4167,69.82,93,73,12.66,broken clouds
528,Falakata,IN,26.5208,89.2055,81.82,43,22,2.82,few clouds
529,Amga,RU,60.8953,131.9608,3.36,97,100,0.22,light snow
530,Kolaras,IN,25.2333,77.6,75.29,34,80,6.51,broken clouds
531,Maine-Soroa,NE,13.2114,12.0241,78.6,13,18,15.48,few clouds
532,Kerouane,GN,9.2667,-9.0167,75.27,50,38,0.98,scattered clouds
533,Homer,US,59.6425,-151.5483,21.07,87,90,4.61,overcast clouds
534,Katherine,AU,-14.4667,132.2667,79.12,83,40,8.05,light intensity shower rain
535,Abu Kamal,SY,34.4506,40.9171,62.17,27,100,17.43,overcast clouds
536,Keetmanshoop,NA,-26.5833,18.1333,63.52,42,20,5.37,few clouds
537,Marigot,MF,18.0667,-63.0833,80.04,75,3,19.82,clear sky
538,Itoman,JP,26.1247,127.6694,69.82,52,40,13.8,scattered clouds
539,Kayerkan,RU,69.3497,87.7602,-31.49,66,100,6.69,overcast clouds
540,Otavi,NA,-19.65,17.3333,80.01,24,28,10.76,scattered clouds
541,Prince Rupert,CA,54.3161,-130.3201,35.29,81,1,6.91,clear sky
542,Estacion Coahuila,MX,32.1939,-115.0017,57.74,32,0,7.96,clear sky
543,Leua,SK,48.2156,18.6071,34.36,98,100,4.54,light snow
544,Belmonte,BR,-15.8631,-38.8828,73.9,89,29,1.61,scattered clouds
545,Vila Franca Do Campo,PT,37.7167,-25.4333,63.19,87,3,1.77,clear sky
546,Rongcheng,CN,30.634,117.8517,59.77,38,0,2.55,clear sky
547,Longyan,CN,25.1072,117.0225,65.19,37,0,3.56,clear sky
548,Honningsvag,NO,70.9821,25.9704,24.06,73,21,19.24,few clouds
549,Mpanda,TZ,-6.3655,31.0409,84.56,41,45,10.29,scattered clouds
550,Sorong,ID,-0.8833,131.25,80.87,81,100,9.93,light rain
551,Okhotsk,RU,59.3833,143.3,-14.28,88,19,9.86,few clouds
552,Tigil,RU,57.8,158.6667,13.86,91,80,14.23,broken clouds
553,Cockburn Town,TC,21.4612,-71.1419,79.79,75,13,20.31,few clouds
554,Walvis Bay,NA,-22.9575,14.5053,65.35,68,0,3.44,clear sky
555,Kutum,SD,14.2,24.6667,74.86,20,6,10.25,clear sky
556,Roebourne,AU,-20.7833,117.1333,104.86,21,8,24.94,clear sky
557,Shkurinskaya,RU,46.5858,39.3599,51.24,88,100,15.55,overcast clouds
558,Somerset West,ZA,-34.084,18.8211,69.06,75,94,7.0,overcast clouds
559,Borskoye,RU,53.0333,51.7167,30.52,93,100,4.94,overcast clouds
560,San Luis,AR,-33.295,-66.3356,59.68,88,99,8.63,overcast clouds
561,Ostersund,SE,63.1792,14.6357,7.25,85,90,5.75,light snow
562,Harper,LR,4.375,-7.7169,80.85,80,59,3.0,light rain
563,Troitskoye,RU,52.9821,84.6757,25.45,94,99,3.49,overcast clouds
564,Jiuquan,CN,39.7432,98.5174,46.2,21,48,7.47,scattered clouds
565,Buchanan,LR,5.8808,-10.0467,78.76,79,17,3.29,light rain
566,Roald,NO,62.5833,6.1333,37.33,75,75,8.05,light snow
567,Kulhudhuffushi,MV,6.6221,73.07,82.35,74,69,8.12,broken clouds
568,Berlevag,NO,70.8578,29.0864,16.41,83,57,23.58,broken clouds
569,General Roca,AR,-39.0333,-67.5833,57.6,66,0,9.91,clear sky
570,Havelock,US,34.8791,-76.9013,53.58,91,100,1.99,overcast clouds
571,Brookhaven,US,31.5791,-90.4407,59.95,97,14,3.94,few clouds
572,Nantucket,US,41.2835,-70.0995,42.91,63,1,16.11,clear sky
573,Itanagar,IN,27.1,93.6167,81.23,44,5,3.76,clear sky
574,Ovalle,CL,-30.5983,-71.2003,65.14,64,4,2.1,clear sky
575,Ningxiang,CN,37.34,111.2052,38.53,32,0,3.87,clear sky
576,Teahupoo,PF,-17.8333,-149.2667,71.56,73,68,13.87,broken clouds
577,Blackwater,AU,-23.5833,148.8833,84.74,46,30,11.21,scattered clouds
578,Mitu,CO,1.1983,-70.1733,70.45,99,91,1.12,overcast clouds
579,Emerald,AU,-23.5333,148.1667,90.99,15,57,13.11,light rain
580,Seddon,AU,-37.8068,144.8916,70.3,61,0,12.66,clear sky
581,Narasapur,IN,16.45,81.6667,88.0,53,11,3.65,few clouds
582,Coihaique,CL,-45.5752,-72.0662,52.41,76,0,2.3,clear sky
583,Terrace,CA,54.5163,-128.6035,22.91,100,75,2.3,broken clouds
584,Luganville,VU,-15.5333,167.1667,79.21,77,6,5.59,clear sky
585,Ritchie,ZA,-29.038,24.6028,69.01,64,74,23.17,moderate rain
586,Dosso,NE,13.049,3.1937,77.52,15,91,12.01,overcast clouds
587,Anadyr,RU,64.75,177.4833,25.3,93,90,42.5,snow
588,Nur,PL,52.6683,22.3221,29.79,69,100,9.19,overcast clouds
589,Zhigansk,RU,66.7697,123.3711,-14.03,98,100,7.45,overcast clouds
590,Puerto Carreno,CO,6.189,-67.4859,76.06,79,74,5.77,broken clouds
591,Kharabali,RU,47.4196,47.2568,44.74,84,100,9.22,overcast clouds
592,San Jose,US,37.3394,-121.895,54.9,87,90,0.0,overcast clouds
593,Sanandaj,IR,35.3144,46.9923,41.02,70,75,0.0,broken clouds
594,Galesong,ID,-5.3166,119.3661,73.42,89,100,17.09,light rain
595,Latung,PH,5.5,120.8833,83.37,70,97,6.26,overcast clouds
596,Porto Novo,BJ,6.4965,2.6036,82.22,71,100,3.31,overcast clouds
597,Sindou,BF,10.6667,-5.1667,77.67,19,22,5.48,few clouds
598,Dwarka,IN,22.2394,68.9678,79.34,37,0,12.3,clear sky
599,Sharlyk,RU,52.9167,54.75,32.63,99,100,6.35,light snow
600,Hamilton,US,39.1834,-84.5333,37.04,73,39,1.01,scattered clouds
601,Ajuchitlan,MX,20.7167,-100.0167,43.99,81,5,2.04,clear sky
602,Pacific Grove,US,36.6177,-121.9166,54.61,91,1,1.99,mist
603,Alice Springs,AU,-23.7,133.8833,80.15,28,54,19.57,broken clouds
604,Altay,CN,47.8667,88.1167,30.54,62,88,5.06,overcast clouds
605,Tarboro,US,35.8968,-77.5358,47.59,100,90,4.61,mist
606,Mae Sot,TH,16.7167,98.5667,80.55,29,0,10.36,clear sky
607,Mulege,MX,26.8833,-111.9833,67.1,42,76,3.0,broken clouds
608,Senekal,ZA,-28.3197,27.6208,60.57,87,100,10.09,moderate rain
609,Tiarei,PF,-17.5333,-149.3333,77.02,69,67,14.03,broken clouds
610,Sisimiut,GL,66.9395,-53.6735,35.4,60,89,23.31,overcast clouds
611,Usak,TR,38.5,29.4167,51.24,73,89,3.33,overcast clouds
612,Synya,RU,65.3718,58.0387,-11.97,96,60,1.28,broken clouds
613,Uruguaiana,BR,-29.7547,-57.0883,66.13,88,0,8.05,clear sky
614,Huancavelica,PE,-12.7667,-74.9833,38.1,95,100,2.53,overcast clouds
615,Puro,PH,12.4841,123.3827,80.46,70,46,17.05,scattered clouds
616,Pringsewu,ID,-5.3582,104.9744,80.46,82,91,2.42,overcast clouds
617,Morros,BR,-9.4467,-46.3003,69.93,95,100,3.22,overcast clouds
618,Mahibadhoo,MV,3.7833,72.9667,82.89,72,35,14.7,scattered clouds
619,Bhiwani,IN,28.7833,76.1333,79.34,33,0,5.44,clear sky
620,Alekseyevsk,RU,57.8406,108.3492,15.69,83,100,11.36,overcast clouds
621,Shalinskoye,RU,55.7228,93.7594,26.98,73,100,12.08,overcast clouds
622,Ahipara,NZ,-35.1667,173.1667,66.61,91,11,10.04,few clouds
623,Fare,PF,-16.7,-151.0167,81.16,64,67,13.18,broken clouds
624,Carutapera,BR,-1.195,-46.02,75.79,95,96,5.64,overcast clouds
625,Saint-Georges,GD,12.0564,-61.7485,78.33,81,48,15.32,scattered clouds
626,Bud,US,39.447,-86.1758,35.85,69,45,7.76,scattered clouds
627,Hammond,US,41.5834,-87.5,39.97,47,90,1.99,overcast clouds
628,Jalu,LY,29.0331,21.5482,62.02,57,1,9.55,clear sky
629,Trinidad,BO,-14.8333,-64.9,73.89,97,100,3.2,overcast clouds
630,Barcelos,PT,41.5388,-8.6151,50.29,86,82,7.27,broken clouds
631,Benguela,AO,-12.5763,13.4055,79.03,79,100,2.84,overcast clouds
632,Etchoropo,MX,26.7667,-109.6667,65.41,53,100,9.86,overcast clouds
633,Dauphin,CA,51.1494,-100.0502,12.34,92,1,4.61,clear sky
634,Tooele,US,40.5308,-112.2983,46.63,87,1,10.36,clear sky
635,Wewak,PG,-3.5534,143.6268,83.03,81,100,9.91,moderate rain
636,Fuyu,CN,45.1833,124.8167,32.86,85,8,17.81,clear sky
637,Funadhoo,MV,6.15,73.2667,82.56,75,44,9.66,scattered clouds
638,Cabo San Lucas,MX,22.8909,-109.9124,75.51,74,100,10.0,overcast clouds
639,Velim,CZ,50.0597,15.1071,38.52,80,100,9.73,overcast clouds
640,Sindor,RU,62.8629,51.8905,4.6,88,100,8.3,overcast clouds
641,Katima Mulilo,NA,-17.5,24.2667,90.03,35,32,7.74,scattered clouds
642,Meulaboh,ID,4.1363,96.1285,84.25,69,85,6.06,overcast clouds
643,Chumikan,RU,54.7183,135.315,11.01,78,100,21.41,overcast clouds
644,Aracoiaba,BR,-4.3711,-38.8142,73.98,94,67,1.72,broken clouds
645,Galeras,CO,9.161,-75.0481,74.61,90,100,2.51,overcast clouds
646,Creel,MX,27.75,-107.6333,43.32,56,100,0.58,overcast clouds
647,Campo Largo,BR,-25.4586,-49.5283,60.66,88,99,3.02,overcast clouds
648,Susehri,TR,40.1644,38.0867,43.99,58,93,4.81,overcast clouds
649,Tocopilla,CL,-22.092,-70.1979,67.41,66,82,5.86,broken clouds
650,Wanning,CN,18.8003,110.3967,73.27,63,77,16.82,broken clouds
651,Svetlyy,RU,54.675,20.1347,32.05,88,100,7.25,overcast clouds
652,Simao,CN,22.7886,100.9748,65.53,60,98,2.59,overcast clouds
653,Hovd,MN,48.0056,91.6419,25.27,48,9,2.53,clear sky
654,Puerto Rico,AR,-26.796,-55.024,66.76,78,37,0.81,scattered clouds
655,Iwaki,JP,37.05,140.8833,40.33,71,5,3.56,clear sky
656,Shenjiamen,CN,29.9576,122.298,57.88,56,75,8.21,broken clouds
657,Tateyama,JP,34.9833,139.8667,53.02,69,100,15.79,overcast clouds
658,Baykit,RU,61.67,96.37,2.21,96,100,1.88,overcast clouds
659,Banda Aceh,ID,5.5577,95.3222,84.34,69,73,14.88,broken clouds
660,Chunian,PK,30.964,73.9803,74.53,46,1,0.96,clear sky
661,Kawalu,ID,-7.3817,108.2082,81.18,76,98,1.81,overcast clouds
662,Riyadh,SA,24.6877,46.7219,73.54,21,0,5.75,clear sky
663,Svetlaya,RU,46.5389,138.3297,23.85,75,2,8.48,clear sky
664,Vilcun,CL,-38.65,-72.2333,43.88,84,0,2.06,clear sky
665,Guilin,CN,25.2819,110.2864,73.51,31,0,4.18,clear sky
666,Sao Desiderio,BR,-12.3633,-44.9733,66.85,97,64,1.32,broken clouds
667,Yar-Sale,RU,66.8333,70.8333,-18.26,97,12,8.12,few clouds
668,Jinka,ET,5.65,36.65,80.85,35,38,3.78,scattered clouds
669,Broken Hill,AU,-31.95,141.4333,78.15,22,100,9.66,light rain
670,San Gabriel Casa Blanca,MX,18.15,-97.1333,62.22,94,33,1.19,scattered clouds
671,Mont-De-Marsan,FR,44.0,-0.6667,49.08,97,90,6.91,light rain
672,Chandbali,IN,20.7833,86.7667,71.33,96,100,13.65,heavy intensity rain
673,Kinkala,CG,-4.3614,14.7644,79.97,76,34,1.86,scattered clouds
674,Palmer,US,42.1584,-72.3287,35.37,82,100,3.91,overcast clouds
675,Florianopolis,BR,-27.6146,-48.5012,70.38,90,40,5.75,scattered clouds
676,Phonhong,LA,18.5007,102.4166,80.42,45,81,2.48,broken clouds
677,Dingli,MT,35.8614,14.3822,60.82,67,20,13.8,few clouds
678,Saint Anthony,US,45.0205,-93.218,30.25,89,90,3.0,overcast clouds
679,Umm Kaddadah,SD,13.6017,26.6876,80.44,16,3,19.89,clear sky
680,Lovozero,RU,68.005,35.0117,-2.38,90,43,4.59,scattered clouds
681,Ciudad Bolivar,VE,8.1222,-63.5497,74.44,86,100,8.25,overcast clouds
682,Almaznyy,RU,48.0448,40.045,39.34,98,100,9.66,light rain
683,Yangjiang,CN,21.85,111.9667,74.95,26,48,7.52,scattered clouds
684,Tortoli,IT,39.9256,9.6572,51.62,62,20,5.75,light rain
685,Bathsheba,BB,13.2167,-59.5167,79.41,83,20,27.63,few clouds
686,Tabory,RU,58.5198,64.5495,23.04,87,100,7.0,overcast clouds
687,Krasnouralsk,RU,58.3638,60.0407,18.72,86,99,3.85,overcast clouds
688,Lensk,RU,60.7253,114.9278,6.42,84,100,14.54,overcast clouds
689,Xuddur,SO,4.1213,43.8894,82.9,41,5,18.19,clear sky
690,Doba,TD,8.65,16.85,89.85,23,99,7.31,overcast clouds
691,Hofn,IS,64.2539,-15.2082,29.75,80,90,10.07,overcast clouds
692,Mandalgovi,MN,45.7625,106.2708,27.93,37,0,22.64,clear sky
693,Yuci,CN,37.6803,112.7319,47.95,20,0,4.47,clear sky
694,Beloha,MG,-25.1667,45.05,103.06,16,0,4.61,clear sky
695,Konevo,RU,62.1215,39.3192,-0.56,89,40,5.84,scattered clouds
696,Tahta,EG,26.7693,31.5021,62.92,35,70,17.02,broken clouds
697,Wagga Wagga,AU,-35.1167,147.3667,72.01,46,2,16.11,clear sky
698,Takaka,NZ,-40.85,172.8,67.96,98,100,9.84,overcast clouds
699,Priargunsk,RU,50.3691,119.1012,14.77,87,25,6.08,scattered clouds
700,Marystown,CA,47.1666,-55.1483,30.85,100,96,13.82,light snow
701,Raduzhnyy,RU,62.0961,77.475,0.79,96,100,12.82,light snow
702,Lhokseumawe,ID,5.1801,97.1507,80.02,81,100,5.66,light rain
703,Limbang,MY,4.75,115.0,88.11,66,92,4.61,overcast clouds
704,Nazret,ET,8.55,39.2667,73.44,33,5,11.92,clear sky
705,Lujan,AR,-34.5703,-59.105,67.98,89,67,1.01,broken clouds
706,Fayaoue,NC,-20.65,166.5333,79.66,81,21,13.65,few clouds
707,Campbell River,CA,50.0163,-125.2446,36.93,74,71,6.02,broken clouds
708,Pravia,ES,43.4906,-6.1508,50.23,87,75,20.71,broken clouds
709,Villarrobledo,ES,39.2699,-2.6012,41.77,91,47,16.62,scattered clouds
710,Ewa Beach,US,21.3156,-158.0072,73.35,78,90,8.05,light rain
711,Soyo,AO,-6.1349,12.3689,80.04,82,100,5.39,overcast clouds
712,Gobabis,NA,-22.45,18.9667,76.5,12,2,9.78,clear sky
713,Port Moresby,PG,-9.4431,147.1797,81.82,78,75,9.22,broken clouds
